Hotel Solace, 4, New York, Lugar acogedor para descansar y relajarse, todoincluido;mediapension
Hotel Imperial, 3, Bangkok, Con gimnasio spa y restaurantes gourmet, soloalojamiento;mediapension
Hotel Renaissance, 5, Paris, Estilo clasico con servicios de lujo, pensioncompleta;alojamientoydesayuno
Hotel Tranquil, 2, Roma, Rodeado de naturaleza y actividades recreativas, soloalojamiento
Hotel Horizon, 5, Miami, Espacios amplios y excelente servicio, mediapension;todoincluido
Hotel Harmony, 3, Pattaya, Oasis de paz en el corazon de la ciudad, alojamientoydesayuno;soloalojamiento
Hotel Mirage, 4, Las Vegas, Ideal para familias y viajes de negocios, pensioncompleta;mediapension
Hotel Skyline, 5, Hong Kong, Cerca del centro y con vistas espectaculares, todoincluido;mediapension
Hotel Vista Bella, 2, Los Angeles, Perfecto para viajeros exigentes, alojamientoydesayuno
Hotel Elegance, 4, Hanoi, Moderno y lujoso en una ubicacion privilegiada, pensioncompleta;todoincluido
Hotel Liberty, 1, New York, Espacio sencillo y confortable, soloalojamiento
Hotel Zen Retreat, 3, Bangkok, Naturaleza y actividades recreativas, mediapension;alojamientoydesayuno
Hotel La Belle, 5, Paris, Estilo clasico y amenidades modernas, todoincluido;mediapension
Hotel Paradiso, 2, Roma, Elegante y sencillo para viajeros relajados, soloalojamiento
Hotel Serenity, 3, Miami, Apto para viajeros que valoran el descanso, alojamientoydesayuno;mediapension
Hotel Golden Bay, 4, Pattaya, Espacios de lujo con servicios de primera, pensioncompleta;todoincluido
Hotel Sapphire, 5, Hong Kong, En el corazon de la ciudad con vistas hermosas, todoincluido;mediapension;alojamientoydesayuno
Hotel Oasis Inn, 1, Los Angeles, Para familias y viajeros de negocios, soloalojamiento
Hotel Gardenia, 3, Hanoi, Un espacio natural en la ciudad, mediapension;alojamientoydesayuno
Hotel Coral Reef, 4, Las Vegas, Lujoso en una ubicacion centrica, todoincluido;mediapension
Hotel Palm View, 2, Paris, Apto para el viajero que busca sencillez, pensioncompleta
Hotel Ocean Breeze, 5, Bangkok, Con amplias vistas y servicio exclusivo, todoincluido;alojamientoydesayuno
Hotel Royal Palace, 3, New York, Espacio elegante para relajarse, pensioncompleta;todoincluido
Hotel Sunrise Bay, 4, Pattaya, Familiar y relajado con excelente atencion, mediapension;alojamientoydesayuno
Hotel Pearl, 5, Hong Kong, Vista centrica y lujos modernos, todoincluido;mediapension;soloalojamiento
Hotel Tivoli, 2, Roma, Diseno clasico y espacio acogedor, soloalojamiento
Hotel Luxor, 4, Las Vegas, Moderno y exclusivo para todos los gustos, todoincluido;mediapension
Hotel Riviera, 3, Paris, Ideal para descanso y paseos en la ciudad, pensioncompleta;alojamientoydesayuno
Hotel Sunset Harbor, 5, Los Angeles, Estilo moderno y clasico a la vez, todoincluido;mediapension
Hotel Green Leaf, 2, Miami, Rodeado de naturaleza y ambiente relajado, soloalojamiento
Hotel Empire, 4, New York, Espacios amplios con gran servicio, mediapension;todoincluido
Hotel Costa del Sol, 5, Pattaya, Estilo exclusivo para descanso total, alojamientoydesayuno;soloalojamiento
Hotel Cielo Azul, 3, Hanoi, Con instalaciones de lujo y gran comodidad, mediapension;todoincluido
Hotel Golden Sun, 4, Hong Kong, Apto para familias y viajeros unicos, pensioncompleta;alojamientoydesayuno
Hotel Imperial Garden, 2, Bangkok, Cercano al centro con vistas unicas, soloalojamiento
Hotel Bella Notte, 3, Paris, Confortable y elegante, mediapension;alojamientoydesayuno
Hotel Garden Palace, 5, Roma, Espacios amplios y ambiente de lujo, todoincluido;pensioncompleta
Hotel Blue Lagoon, 1, Miami, Espacio acogedor para descansar, soloalojamiento
Hotel Cityscape, 4, New York, Moderno y centrico para viajeros unicos, todoincluido;mediapension
Hotel Lotus Garden, 5, Pattaya, Con instalaciones exclusivas y gran servicio, pensioncompleta;alojamientoydesayuno
Hotel Cielo Real, 3, Las Vegas, Comodo y versatil para todos los gustos, mediapension;todoincluido
Hotel Grand View, 4, Hong Kong, Estilo clasico con todas las comodidades, soloalojamiento;mediapension
Hotel Park Plaza, 5, Los Angeles, Espacios naturales y actividades recreativas, todoincluido;mediapension
Hotel Blue Waves, 2, Hanoi, Tranquilo y confortable en una gran ciudad, alojamientoydesayuno
Hotel Silver Sands, 4, Bangkok, Perfecto para viajeros exigentes y activos, pensioncompleta;mediapension
Hotel Casa Real, 3, Roma, Confortable y lujoso en ubicacion centrica, mediapension;todoincluido
Hotel Majestic, 4, Miami, Con vistas impresionantes para relajarse, alojamientoydesayuno;soloalojamiento
Hotel Bellevue, 5, Paris, Espacio de lujo en el corazon de la ciudad, todoincluido;mediapension
Hotel Plaza, 2, Las Vegas, Para viajeros en busqueda de descanso, soloalojamiento
Hotel Villa Verde, 3, New York, Para familias y aventureros, mediapension;alojamientoydesayuno
Hotel Jardin Tranquilo,2,Hamburgo,Con impresionantes vistas y servicios excepcionales,alojamientoydesayuno;todoincluido
Hotel Bahia Horizonte,4,Basilea,Comodidad y estilo en cada rincon del hotel,todoincluido;pensioncompleta
Hotel Valle alamo,2,Manchester,Con instalaciones de lujo y atencion personalizada,mediapension;pensioncompleta;soloalojamiento
Hotel Valle Encanto,4,Gelsenkirchen,Ambiente relajado con opciones para todos los gustos,todoincluido;mediapension
Hotel Rocio Aurora,4,Napoles,Con un diseño moderno y atencion de calidad,todoincluido;pensioncompleta
Hotel Mirador Senda,1,Barcelona,Ubicacion centrica con todo el confort necesario,todoincluido
Hotel Laguna Paraiso,1,Liverpool,Con impresionantes vistas y servicios excepcionales,pensioncompleta;mediapension
Hotel Alborada Alborada,2,Valencia,Espacios amplios y comodidad asegurada,alojamientoydesayuno;soloalojamiento
Hotel alamo Cristal,2,Cori,Con impresionantes vistas y servicios excepcionales,todoincluido;alojamientoydesayuno
Hotel Corazon Laguna,1,Birmingham,Lujo y elegancia en una ubicacion privilegiada,todoincluido
Hotel Espejo alamo,1,Roterdam,Un ambiente calido y acogedor para relajarse,todoincluido;soloalojamiento
Hotel Destino Encanto,3,Milan,Con instalaciones de lujo y atencion personalizada,alojamientoydesayuno;mediapension
Hotel Tranquilo Bahia,4,Buenos Aires,Con instalaciones de lujo y atencion personalizada,alojamientoydesayuno;mediapension;pensioncompleta
Hotel Cristal aguila,4,Londres,Un ambiente calido y acogedor para relajarse,soloalojamiento
Hotel Alborada Roca,1,Cori,Comodidad y estilo en cada rincon del hotel,alojamientoydesayuno
Hotel alamo Destino,1,Barcelona,Con un diseño moderno y atencion de calidad,alojamientoydesayuno
Hotel Serenidad Vista,3,Londres,Lujo y elegancia en una ubicacion privilegiada,todoincluido;alojamientoydesayuno;mediapension
Hotel alamo Sol,5,Nueva Delhi,Ambiente relajado con opciones para todos los gustos,todoincluido
Hotel Rio Rocio,4,Nueva Delhi,Un ambiente calido y acogedor para relajarse,pensioncompleta;mediapension
Hotel Jardin Oasis,2,Tesalonica,Ubicacion estrategica con servicios de primera,pensioncompleta;todoincluido;mediapension
Hotel Brisa epico,5,Munich,Cerca del centro con todas las comodidades,todoincluido;pensioncompleta;soloalojamiento
Hotel Montaña Horizonte,1,Granada,Ubicacion centrica con todo el confort necesario,alojamientoydesayuno;mediapension
Hotel Aurora Paz,2,Buenos Aires,Espacios amplios y comodidad asegurada,alojamientoydesayuno;pensioncompleta;soloalojamiento
Hotel Montaña Jardin,2,Mumbai,Con un diseño moderno y atencion de calidad,mediapension
Hotel Rio Valle,2,Munich,Ubicacion centrica con todo el confort necesario,pensioncompleta
Hotel Faro Jardin,2,Zurich,Ambiente relajado con opciones para todos los gustos,mediapension;todoincluido;alojamientoydesayuno
Hotel Montaña Tranquilo,1,Hamburgo,Rodeado de naturaleza con actividades recreativas,pensioncompleta;mediapension;todoincluido
Hotel Senda Espejo,4,Granada,Perfecto para disfrutar de unas vacaciones inolvidables,alojamientoydesayuno;soloalojamiento;pensioncompleta
Hotel Eterna Valle,4,Atenas,Rodeado de naturaleza con actividades recreativas,todoincluido;alojamientoydesayuno;mediapension
Hotel Aurora Aurora,2,Madrid,Diseñado para el descanso y la relajacion total,pensioncompleta;todoincluido
Hotel Senda Estrella,3,Napoles,Diseñado para el descanso y la relajacion total,todoincluido;pensioncompleta;alojamientoydesayuno
Hotel Corazon Paz,2,amsterdam,Perfecto para disfrutar de unas vacaciones inolvidables,mediapension
Hotel Brisa Jardin,4,Hamburgo,Diseñado para el descanso y la relajacion total,mediapension
Hotel Corazon Cristal,3,Roterdam,Con un diseño moderno y atencion de calidad,pensioncompleta;todoincluido;mediapension
Hotel Senda Jardin,5,Venecia,Con impresionantes vistas y servicios excepcionales,alojamientoydesayuno
Hotel Faro Paraiso,5,Creta,Ideal para familias y viajes de negocios,pensioncompleta
Hotel Corazon Serenidad,2,Osaka,Perfecto para desconectar en un ambiente exclusivo,soloalojamiento;alojamientoydesayuno;mediapension
Hotel Alborada Valle,2,Basilea,Diseño contemporaneo y servicios exclusivos,mediapension;soloalojamiento;todoincluido
Hotel Eterna Cascada,1,Milan,Ubicacion estrategica con servicios de primera,soloalojamiento
Hotel Rio Sol,1,Birmingham,Un rincon de paz para desconectar del ajetreo,soloalojamiento;todoincluido
Hotel Serenidad Montaña,5,Bilbao,Un refugio de tranquilidad en el corazon de la ciudad,alojamientoydesayuno;mediapension
Hotel alamo Eterna,5,Palma de Mallorca,Ambiente relajado con opciones para todos los gustos,alojamientoydesayuno;soloalojamiento;mediapension
Hotel Oasis epico,3,Toronto,Ambiente relajado con opciones para todos los gustos,mediapension;todoincluido
Hotel Destino Mar,2,Donosti,Ambiente relajado con opciones para todos los gustos,mediapension
Hotel Vista Aurora,1,amsterdam,Ideal para familias y viajes de negocios,todoincluido;alojamientoydesayuno
Hotel Serenidad Bahia,5,Rio de Janeiro,Diseño contemporaneo y servicios exclusivos,soloalojamiento
Hotel Pradera Espejo,1,Nueva Delhi,Un ambiente calido y acogedor para relajarse,todoincluido
Hotel alamo Luna,3,Malaga,Ubicacion estrategica con servicios de primera,todoincluido
Hotel Encanto Senda,4,Maastricht,Un refugio de tranquilidad en el corazon de la ciudad,soloalojamiento;alojamientoydesayuno
Hotel Jardin Oasis,3,Frankfurt,Con un diseño moderno y atencion de calidad,soloalojamiento
Hotel Laguna Luna,5,Melbourne,Con un diseño moderno y atencion de calidad,todoincluido
Hotel Encantado alamo,5,Malaga,Con un diseño moderno y atencion de calidad,soloalojamiento;mediapension;pensioncompleta
Hotel aguila Bahia,4,Florencia,Comodidad y estilo en cada rincon del hotel,todoincluido;mediapension
Hotel Roca Corazon,1,Zurich,Con instalaciones de lujo y atencion personalizada,todoincluido
Hotel Faro Mirador,4,Zurich,Ubicacion estrategica con servicios de primera,alojamientoydesayuno;soloalojamiento
Hotel Paraiso epico,2,Buenos Aires,Ambiente relajado con opciones para todos los gustos,soloalojamiento;todoincluido
Hotel Vista Destino,3,Osaka,Lujo y elegancia en una ubicacion privilegiada,todoincluido
Hotel epico Roca,5,Birmingham,Un ambiente calido y acogedor para relajarse,alojamientoydesayuno;todoincluido;soloalojamiento
Hotel Sol Montaña,1,Buenos Aires,Comodidad y estilo en cada rincon del hotel,alojamientoydesayuno
Hotel Eterna Encanto,3,Liverpool,Un ambiente calido y acogedor para relajarse,pensioncompleta;alojamientoydesayuno;soloalojamiento
Hotel Encantado Valle,2,Genova,Ubicacion centrica con todo el confort necesario,soloalojamiento
Hotel Paz Serenidad,1,Barcelona,Con un diseño moderno y atencion de calidad,mediapension
Hotel Estrella Cumbre,3,Genova,Rodeado de naturaleza con actividades recreativas,pensioncompleta;mediapension
Hotel Corazon Eterna,1,Cancun,Con instalaciones de lujo y atencion personalizada,soloalojamiento
Hotel Faro Aurora,2,Tesalonica,Servicio excepcional en un entorno inigualable,alojamientoydesayuno;mediapension
Hotel alamo Rocio,2,Limerick,Ideal para familias y viajes de negocios,todoincluido;mediapension
Hotel Montaña Montaña,4,Valencia,Perfecto para disfrutar de unas vacaciones inolvidables,mediapension;soloalojamiento;alojamientoydesayuno
Hotel Serenidad Encanto,2,Liverpool,Servicio excepcional en un entorno inigualable,pensioncompleta;alojamientoydesayuno
Hotel Pradera Cristal,5,Melbourne,Ideal para familias y viajes de negocios,todoincluido;alojamientoydesayuno
Hotel Mirador Eterna,4,Atenas,Comodidad y estilo en cada rincon del hotel,mediapension
Hotel Vista Rocio,3,Atenas,Perfecto para desconectar en un ambiente exclusivo,pensioncompleta
Hotel Serenidad epico,3,Basilea,Perfecto para desconectar en un ambiente exclusivo,todoincluido;alojamientoydesayuno;soloalojamiento
Hotel Bahia Mirador,3,Limerick,Cerca del centro con todas las comodidades,mediapension;soloalojamiento
Hotel Cumbre Horizonte,3,Limerick,Cerca del centro con todas las comodidades,todoincluido;pensioncompleta
Hotel Rocio Eterna,1,Liverpool,Cerca del centro con todas las comodidades,pensioncompleta;mediapension
Hotel Oasis Alborada,3,Tokio,Ambiente relajado con opciones para todos los gustos,soloalojamiento;todoincluido;alojamientoydesayuno
Hotel Faro Luna,3,Estambul,Ambiente relajado con opciones para todos los gustos,todoincluido;pensioncompleta
Hotel Aurora Alborada,1,Ginebra,Ubicacion estrategica con servicios de primera,soloalojamiento;pensioncompleta;todoincluido
Hotel Rio Senda,4,Genova,Servicio excepcional en un entorno inigualable,soloalojamiento;todoincluido
Hotel Mirador epico,4,Atenas,Espacios amplios y comodidad asegurada,pensioncompleta;todoincluido;soloalojamiento
Hotel Destino Senda,4,Cancun,Un rincon de paz para desconectar del ajetreo,mediapension;soloalojamiento
Hotel Vista Rocio,2,amsterdam,Lujo y elegancia en una ubicacion privilegiada,todoincluido;mediapension
Hotel Pradera Espejo,5,Donosti,Diseñado para el descanso y la relajacion total,alojamientoydesayuno;todoincluido
Hotel Jardin Pradera,1,Mumbai,Con un diseño moderno y atencion de calidad,todoincluido;alojamientoydesayuno;pensioncompleta
Hotel Destino Paraiso,4,Rio de Janeiro,Un rincon de paz para desconectar del ajetreo,mediapension
Hotel Alborada Cristal,4,Atenas,Cerca del centro con todas las comodidades,mediapension
Hotel Cascada Aurora,2,Sevilla,Rodeado de naturaleza con actividades recreativas,mediapension;alojamientoydesayuno
Hotel Rocio Faro,1,Buenos Aires,Perfecto para disfrutar de unas vacaciones inolvidables,mediapension;pensioncompleta
Hotel Encanto Senda,4,Frankfurt,Cerca del centro con todas las comodidades,alojamientoydesayuno;todoincluido
Hotel Laguna Estrella,5,Kioto,Diseñado para el descanso y la relajacion total,todoincluido
Hotel Encantado Cascada,2,Maastricht,Un refugio de tranquilidad en el corazon de la ciudad,alojamientoydesayuno
Hotel Cristal Luna,2,Florencia,Cerca del centro con todas las comodidades,pensioncompleta;mediapension;alojamientoydesayuno
Hotel Mirador Encanto,5,Florencia,Comodidad y estilo en cada rincon del hotel,soloalojamiento;todoincluido
Hotel Corazon Eterna,1,Londres,Ambiente relajado con opciones para todos los gustos,soloalojamiento;alojamientoydesayuno;todoincluido
Hotel Vista Valle,5,Liverpool,Un refugio de tranquilidad en el corazon de la ciudad,mediapension;soloalojamiento;todoincluido
Hotel Destino Bahia,1,Maastricht,Con impresionantes vistas y servicios excepcionales,soloalojamiento;alojamientoydesayuno
Hotel Sol Luna,5,Sidney,Ideal para familias y viajes de negocios,soloalojamiento;todoincluido;alojamientoydesayuno
Hotel Rio Destino,2,Birmingham,Perfecto para desconectar en un ambiente exclusivo,mediapension;soloalojamiento
Hotel Jardin Aurora,2,Nara,Comodidad y estilo en cada rincon del hotel,todoincluido
Hotel Serenidad Destino,2,Tesalonica,Con impresionantes vistas y servicios excepcionales,mediapension;pensioncompleta
Hotel Encanto Espejo,3,Cancun,Un refugio de tranquilidad en el corazon de la ciudad,todoincluido;pensioncompleta;soloalojamiento
Hotel Alborada Vista,2,Genova,Con un diseño moderno y atencion de calidad,pensioncompleta;alojamientoydesayuno;mediapension
Hotel Senda Horizonte,1,Florencia,Perfecto para desconectar en un ambiente exclusivo,mediapension;alojamientoydesayuno
Hotel aguila Bahia,2,Nueva Delhi,Diseño contemporaneo y servicios exclusivos,pensioncompleta
Hotel Valle aguila,3,Manchester,Ubicacion centrica con todo el confort necesario,soloalojamiento;todoincluido;alojamientoydesayuno
Hotel Aurora Vista,1,Buenos Aires,Un rincon de paz para desconectar del ajetreo,alojamientoydesayuno;todoincluido
Hotel Paraiso Vista,4,amsterdam,Perfecto para disfrutar de unas vacaciones inolvidables,todoincluido
Hotel Rio epico,1,Limerick,Perfecto para disfrutar de unas vacaciones inolvidables,todoincluido
Hotel Laguna Cascada,4,Bilbao,Cerca del centro con todas las comodidades,mediapension
Hotel Cristal Encantado,3,Buenos Aires,Ideal para familias y viajes de negocios,soloalojamiento;mediapension;alojamientoydesayuno
Hotel Roca Sol,2,Buenos Aires,Ambiente relajado con opciones para todos los gustos,pensioncompleta;alojamientoydesayuno;todoincluido
Hotel Rocio Cumbre,3,Ginebra,Un rincon de paz para desconectar del ajetreo,alojamientoydesayuno;pensioncompleta
Hotel Faro alamo,3,Granada,Con instalaciones de lujo y atencion personalizada,soloalojamiento;alojamientoydesayuno;pensioncompleta
Hotel Senda Roca,3,Sevilla,Ideal para familias y viajes de negocios,pensioncompleta;todoincluido
Hotel Destino Senda,1,Birmingham,Ambiente relajado con opciones para todos los gustos,alojamientoydesayuno;pensioncompleta
Hotel Cristal Alborada,2,Donosti,Perfecto para disfrutar de unas vacaciones inolvidables,alojamientoydesayuno
Hotel Laguna Corazon,4,Kioto,Ambiente relajado con opciones para todos los gustos,alojamientoydesayuno;pensioncompleta
Hotel Alborada Mar,2,Granada,Ubicacion estrategica con servicios de primera,todoincluido;mediapension;pensioncompleta
Hotel Encanto epico,2,Roterdam,Un refugio de tranquilidad en el corazon de la ciudad,pensioncompleta
Hotel Pradera Brisa,1,Genova,Un rincon de paz para desconectar del ajetreo,alojamientoydesayuno
Hotel Horizonte Jardin,5,Hamburgo,Ideal para familias y viajes de negocios,alojamientoydesayuno
Hotel Cristal Serenidad,1,Frankfurt,Un refugio de tranquilidad en el corazon de la ciudad,alojamientoydesayuno
Hotel Laguna Pradera,4,Galway,Ubicacion estrategica con servicios de primera,alojamientoydesayuno
Hotel aguila Rio,5,Zurich,Rodeado de naturaleza con actividades recreativas,soloalojamiento
Hotel Eterna epico,2,Toronto,Cerca del centro con todas las comodidades,soloalojamiento;pensioncompleta;mediapension
Hotel Cristal Laguna,2,Mumbai,Ubicacion estrategica con servicios de primera,todoincluido;soloalojamiento;alojamientoydesayuno
Hotel Paz epico,1,Galway,Perfecto para desconectar en un ambiente exclusivo,alojamientoydesayuno;soloalojamiento;pensioncompleta
Hotel epico alamo,5,Hamburgo,Con impresionantes vistas y servicios excepcionales,alojamientoydesayuno
Hotel Cascada Rocio,3,Tesalonica,Un ambiente calido y acogedor para relajarse,alojamientoydesayuno
Hotel Rocio Cumbre,5,Venecia,Ubicacion centrica con todo el confort necesario,pensioncompleta;mediapension
Hotel Vista Luna,1,Donosti,Con impresionantes vistas y servicios excepcionales,todoincluido
Hotel Laguna Sol,3,Rio de Janeiro,Diseño contemporaneo y servicios exclusivos,todoincluido;mediapension;alojamientoydesayuno
Hotel epico Luna,3,Buenos Aires,Espacios amplios y comodidad asegurada,soloalojamiento
Hotel Bahia Corazon,1,Osaka,Un rincon de paz para desconectar del ajetreo,soloalojamiento;todoincluido;pensioncompleta
Hotel Valle Encantado,3,Hamburgo,Un refugio de tranquilidad en el corazon de la ciudad,todoincluido;mediapension
Hotel Corazon Tranquilo,5,Rio de Janeiro,Con instalaciones de lujo y atencion personalizada,pensioncompleta
Hotel epico Senda,3,Madrid,Cerca del centro con todas las comodidades,todoincluido;pensioncompleta
Hotel alamo Pradera,1,Birmingham,Ideal para familias y viajes de negocios,soloalojamiento;mediapension;todoincluido
Hotel Sol Jardin,4,Limerick,Ideal para familias y viajes de negocios,mediapension;todoincluido
Hotel Luna Pradera,2,Florencia,Perfecto para disfrutar de unas vacaciones inolvidables,todoincluido
Hotel Paz Corazon,4,Tesalonica,Comodidad y estilo en cada rincon del hotel,todoincluido
Hotel Valle epico,2,Milan,Comodidad y estilo en cada rincon del hotel,todoincluido
Hotel Cumbre Paz,2,Maastricht,Ubicacion centrica con todo el confort necesario,mediapension;todoincluido;alojamientoydesayuno
Hotel Jardin Estrella,4,Atenas,Espacios amplios y comodidad asegurada,soloalojamiento
Hotel Brisa Vista,5,Napoles,Con instalaciones de lujo y atencion personalizada,soloalojamiento;todoincluido
Hotel Cumbre Encantado,4,Venecia,Perfecto para desconectar en un ambiente exclusivo,pensioncompleta;soloalojamiento
Hotel alamo Rio,2,Bilbao,Un rincon de paz para desconectar del ajetreo,mediapension;alojamientoydesayuno
Hotel Serenidad Alborada,1,Cancun,Un ambiente calido y acogedor para relajarse,mediapension;soloalojamiento
Hotel Faro Roca,4,Gelsenkirchen,Un rincon de paz para desconectar del ajetreo,soloalojamiento;pensioncompleta;alojamientoydesayuno
Hotel Aurora Bahia,4,Roterdam,Servicio excepcional en un entorno inigualable,mediapension;soloalojamiento;pensioncompleta
Hotel Brisa Mirador,4,Venecia,Ubicacion estrategica con servicios de primera,mediapension
Hotel Estrella Jardin,1,Maastricht,Con instalaciones de lujo y atencion personalizada,alojamientoydesayuno
Hotel Cristal Cristal,1,Gelsenkirchen,Diseño contemporaneo y servicios exclusivos,pensioncompleta;todoincluido;mediapension
Hotel Pradera Vista,1,Bolonia,Con un diseño moderno y atencion de calidad,soloalojamiento;alojamientoydesayuno;pensioncompleta
Hotel Espejo Eterna,1,Bilbao,Lujo y elegancia en una ubicacion privilegiada,soloalojamiento
Hotel Eterna Tranquilo,1,Napoles,Perfecto para disfrutar de unas vacaciones inolvidables,pensioncompleta;mediapension
Hotel Jardin Roca,2,Rio de Janeiro,Diseño contemporaneo y servicios exclusivos,mediapension;alojamientoydesayuno
Hotel Cumbre Laguna,3,Galway,Servicio excepcional en un entorno inigualable,pensioncompleta;alojamientoydesayuno;soloalojamiento
Hotel Vista Eterna,1,Osaka,Ambiente relajado con opciones para todos los gustos,alojamientoydesayuno;pensioncompleta;soloalojamiento
Hotel Rio Cascada,1,Genova,Con instalaciones de lujo y atencion personalizada,mediapension;soloalojamiento
Hotel Corazon Estrella,5,Ginebra,Lujo y elegancia en una ubicacion privilegiada,alojamientoydesayuno
Hotel Mirador Sol,4,Frankfurt,Con impresionantes vistas y servicios excepcionales,alojamientoydesayuno;todoincluido
Hotel Vista Senda,5,Granada,Con un diseño moderno y atencion de calidad,todoincluido
Hotel Montaña Espejo,2,Berlin,Ideal para familias y viajes de negocios,pensioncompleta;todoincluido;soloalojamiento
Hotel Oasis Roca,3,Liverpool,Ubicacion estrategica con servicios de primera,alojamientoydesayuno;mediapension;pensioncompleta
Hotel Roca Rio,4,Munich,Ambiente relajado con opciones para todos los gustos,pensioncompleta;todoincluido;mediapension
Hotel aguila Rio,1,Malaga,Ambiente relajado con opciones para todos los gustos,todoincluido;soloalojamiento
Hotel Sol Sol,2,Tokio,Diseñado para el descanso y la relajacion total,pensioncompleta;soloalojamiento
Hotel Sol Sol,3,Manchester,Ubicacion estrategica con servicios de primera,todoincluido;pensioncompleta
Hotel Serenidad Roca,2,Nueva Delhi,Perfecto para disfrutar de unas vacaciones inolvidables,soloalojamiento;alojamientoydesayuno
Hotel Valle Oasis,4,Frankfurt,Un rincon de paz para desconectar del ajetreo,todoincluido;mediapension
Hotel Oasis Cascada,2,Tokio,Un rincon de paz para desconectar del ajetreo,pensioncompleta
Hotel Bahia Cumbre,2,Birmingham,Ubicacion estrategica con servicios de primera,alojamientoydesayuno
Hotel Eterna Faro,2,Limerick,Cerca del centro con todas las comodidades,pensioncompleta;soloalojamiento;mediapension
Hotel Cristal Alborada,3,Venecia,Lujo y elegancia en una ubicacion privilegiada,soloalojamiento;alojamientoydesayuno;pensioncompleta
Hotel Pradera Bahia,3,Cancun,Ambiente relajado con opciones para todos los gustos,soloalojamiento;mediapension;alojamientoydesayuno
Hotel Encantado Rocio,3,Sevilla,Diseño contemporaneo y servicios exclusivos,mediapension;soloalojamiento;alojamientoydesayuno
Hotel Alborada Sol,5,Barcelona,Rodeado de naturaleza con actividades recreativas,soloalojamiento
Hotel Jardin Cristal,3,Barcelona,Perfecto para disfrutar de unas vacaciones inolvidables,mediapension;pensioncompleta
Hotel Sol Oasis,3,Bilbao,Cerca del centro con todas las comodidades,alojamientoydesayuno;pensioncompleta;mediapension
Hotel Mirador Montaña,1,Maastricht,Con impresionantes vistas y servicios excepcionales,soloalojamiento
Hotel Oasis Mirador,5,Frankfurt,Ubicacion centrica con todo el confort necesario,todoincluido;alojamientoydesayuno
Hotel Brisa Mirador,3,Granada,Con impresionantes vistas y servicios excepcionales,pensioncompleta
Hotel Laguna Eterna,5,Basilea,Perfecto para disfrutar de unas vacaciones inolvidables,alojamientoydesayuno
Hotel Vista Luna,1,Hamburgo,Lujo y elegancia en una ubicacion privilegiada,todoincluido
Hotel aguila Paz,5,Zurich,Servicio excepcional en un entorno inigualable,todoincluido;alojamientoydesayuno
Hotel Rio epico,5,Berlin,Diseño contemporaneo y servicios exclusivos,pensioncompleta;soloalojamiento
Hotel Montaña Serenidad,1,Liverpool,Ideal para familias y viajes de negocios,pensioncompleta
Hotel Espejo Luna,5,Valencia,Ubicacion centrica con todo el confort necesario,todoincluido
Hotel Aurora Paz,4,Hamburgo,Diseño contemporaneo y servicios exclusivos,pensioncompleta;mediapension
Hotel Montaña Encanto,5,Sevilla,Perfecto para disfrutar de unas vacaciones inolvidables,mediapension
Hotel Mirador Paraiso,1,Malaga,Lujo y elegancia en una ubicacion privilegiada,soloalojamiento
Hotel alamo Eterna,2,Barcelona,Rodeado de naturaleza con actividades recreativas,mediapension
Hotel Espejo Aurora,1,Atenas,Con impresionantes vistas y servicios excepcionales,pensioncompleta;alojamientoydesayuno;soloalojamiento
Hotel Rio Mar,5,Sevilla,Un rincon de paz para desconectar del ajetreo,todoincluido
Hotel Cristal Roca,5,Berlin,Con instalaciones de lujo y atencion personalizada,alojamientoydesayuno
Hotel alamo Alborada,5,Sevilla,Un ambiente calido y acogedor para relajarse,pensioncompleta;mediapension;todoincluido
Hotel Mar Laguna,4,Frankfurt,Espacios amplios y comodidad asegurada,soloalojamiento;pensioncompleta;todoincluido
Hotel Faro Vista,2,Cori,Con un diseño moderno y atencion de calidad,todoincluido;alojamientoydesayuno;pensioncompleta
Hotel Eterna Paz,5,Granada,Un rincon de paz para desconectar del ajetreo,soloalojamiento;alojamientoydesayuno;todoincluido
Hotel Horizonte Paz,2,Atenas,Perfecto para disfrutar de unas vacaciones inolvidables,todoincluido
Hotel Pradera Pradera,4,Sidney,Con un diseño moderno y atencion de calidad,pensioncompleta;todoincluido
Hotel Tranquilo Brisa,4,Buenos Aires,Ubicacion centrica con todo el confort necesario,pensioncompleta
Hotel Faro Montaña,1,Zurich,Perfecto para disfrutar de unas vacaciones inolvidables,soloalojamiento;pensioncompleta
Hotel Cumbre Mirador,4,Tesalonica,Diseñado para el descanso y la relajacion total,soloalojamiento;pensioncompleta;todoincluido
Hotel Vista Vista,4,Milan,Ubicacion centrica con todo el confort necesario,alojamientoydesayuno
Hotel Valle Montaña,3,Londres,Servicio excepcional en un entorno inigualable,mediapension;pensioncompleta;soloalojamiento
Hotel Pradera Faro,4,Zurich,Diseño contemporaneo y servicios exclusivos,soloalojamiento;alojamientoydesayuno;todoincluido
Hotel Jardin Brisa,3,Hamburgo,Espacios amplios y comodidad asegurada,mediapension
Hotel Cumbre Cascada,2,Toronto,Perfecto para desconectar en un ambiente exclusivo,soloalojamiento
Hotel Montaña Bahia,4,Milan,Servicio excepcional en un entorno inigualable,mediapension;pensioncompleta
Hotel Paz Destino,3,Hamburgo,Servicio excepcional en un entorno inigualable,pensioncompleta;todoincluido;mediapension
Hotel Paz Cristal,2,Kioto,Rodeado de naturaleza con actividades recreativas,mediapension
Hotel Cristal Serenidad,3,Osaka,Comodidad y estilo en cada rincon del hotel,todoincluido
Hotel Encanto Luna,5,Galway,Con instalaciones de lujo y atencion personalizada,alojamientoydesayuno;pensioncompleta;todoincluido
Hotel Sol Luna,1,Liverpool,Ideal para familias y viajes de negocios,pensioncompleta;soloalojamiento
Hotel Destino Roca,2,Milan,Espacios amplios y comodidad asegurada,soloalojamiento;todoincluido
Hotel alamo Senda,3,Sevilla,Un ambiente calido y acogedor para relajarse,mediapension
Hotel Laguna Alborada,1,Sevilla,Diseñado para el descanso y la relajacion total,mediapension
Hotel alamo Jardin,1,Melbourne,Un ambiente calido y acogedor para relajarse,pensioncompleta;todoincluido
Hotel epico Horizonte,4,Genova,Con instalaciones de lujo y atencion personalizada,todoincluido;alojamientoydesayuno;pensioncompleta
Hotel Faro Destino,4,Valencia,Servicio excepcional en un entorno inigualable,todoincluido;alojamientoydesayuno
Hotel Oasis Serenidad,1,Sevilla,Ambiente relajado con opciones para todos los gustos,todoincluido;soloalojamiento
Hotel Vista Espejo,1,Melbourne,Un refugio de tranquilidad en el corazon de la ciudad,soloalojamiento;todoincluido;alojamientoydesayuno
Hotel Aurora Encanto,4,Liverpool,Diseñado para el descanso y la relajacion total,alojamientoydesayuno;soloalojamiento;pensioncompleta
Hotel Aurora Encantado,5,Ginebra,Perfecto para disfrutar de unas vacaciones inolvidables,todoincluido
Hotel Rio Espejo,3,Basilea,Rodeado de naturaleza con actividades recreativas,alojamientoydesayuno;soloalojamiento
Hotel Destino Rio,2,Nueva Delhi,Con un diseño moderno y atencion de calidad,soloalojamiento;alojamientoydesayuno
Hotel Cumbre Vista,3,Basilea,Rodeado de naturaleza con actividades recreativas,mediapension;alojamientoydesayuno
Hotel Sol Mirador,3,Mumbai,Ubicacion estrategica con servicios de primera,todoincluido
Hotel epico Oasis,5,Tesalonica,Con instalaciones de lujo y atencion personalizada,alojamientoydesayuno
Hotel Laguna Jardin,1,Melbourne,Diseño contemporaneo y servicios exclusivos,todoincluido;pensioncompleta
Hotel Paraiso Mirador,2,Gelsenkirchen,Ambiente relajado con opciones para todos los gustos,soloalojamiento;pensioncompleta
Hotel Horizonte Cascada,1,Nara,Con impresionantes vistas y servicios excepcionales,pensioncompleta;alojamientoydesayuno
Hotel Cumbre Pradera,3,Melbourne,Cerca del centro con todas las comodidades,alojamientoydesayuno;mediapension;todoincluido
Hotel Corazon Paraiso,1,Limerick,Cerca del centro con todas las comodidades,pensioncompleta
Hotel Horizonte Serenidad,3,Kioto,Ideal para familias y viajes de negocios,mediapension
Hotel Espejo Faro,3,Madrid,Diseñado para el descanso y la relajacion total,pensioncompleta
Hotel Pradera Cristal,2,Malaga,Un rincon de paz para desconectar del ajetreo,mediapension;todoincluido
Hotel Oasis Luna,4,Malaga,Ideal para familias y viajes de negocios,soloalojamiento
Hotel Aurora Encanto,1,Galway,Servicio excepcional en un entorno inigualable,soloalojamiento;alojamientoydesayuno;pensioncompleta
Hotel Laguna Eterna,1,Toronto,Perfecto para disfrutar de unas vacaciones inolvidables,todoincluido;soloalojamiento
Hotel epico Cristal,2,Florencia,Un ambiente calido y acogedor para relajarse,todoincluido
Hotel Senda Luna,2,Londres,Ubicacion estrategica con servicios de primera,alojamientoydesayuno;pensioncompleta
Hotel Vista Faro,3,Kioto,Lujo y elegancia en una ubicacion privilegiada,pensioncompleta;mediapension;soloalojamiento
Hotel Mirador Alborada,5,Cori,Espacios amplios y comodidad asegurada,pensioncompleta
Hotel Faro Eterna,5,Tokio,Ambiente relajado con opciones para todos los gustos,alojamientoydesayuno
Hotel Aurora Estrella,3,Madrid,Ubicacion estrategica con servicios de primera,mediapension
Hotel Mirador Faro,4,Maastricht,Con impresionantes vistas y servicios excepcionales,mediapension;soloalojamiento
Hotel Jardin Mar,5,Sevilla,Con un diseño moderno y atencion de calidad,todoincluido;soloalojamiento;mediapension
Hotel Rocio epico,1,Palma de Mallorca,Un rincon de paz para desconectar del ajetreo,alojamientoydesayuno;todoincluido;mediapension
Hotel Encanto Cumbre,2,Zurich,Ubicacion centrica con todo el confort necesario,pensioncompleta;soloalojamiento
Hotel Aurora Cristal,4,Milan,Diseño contemporaneo y servicios exclusivos,pensioncompleta;soloalojamiento
Hotel Jardin Bahia,4,Nara,Ubicacion estrategica con servicios de primera,todoincluido
Hotel Sol Laguna,4,Barcelona,Cerca del centro con todas las comodidades,pensioncompleta
Hotel Estrella Eterna,3,Londres,Lujo y elegancia en una ubicacion privilegiada,pensioncompleta
Hotel alamo Sol,4,Florencia,Con un diseño moderno y atencion de calidad,soloalojamiento
Hotel Cumbre Mirador,4,Buenos Aires,Ubicacion estrategica con servicios de primera,todoincluido;soloalojamiento;pensioncompleta
Hotel Encanto Aurora,5,Kioto,Ambiente relajado con opciones para todos los gustos,soloalojamiento;pensioncompleta;todoincluido
Hotel Luna Brisa,5,Atenas,Ubicacion estrategica con servicios de primera,mediapension;alojamientoydesayuno
Hotel Rio Paraiso,2,Berlin,Ubicacion centrica con todo el confort necesario,todoincluido;mediapension;alojamientoydesayuno
Hotel Tranquilo Rocio,1,Toronto,Un refugio de tranquilidad en el corazon de la ciudad,soloalojamiento;mediapension
Hotel Luna Valle,5,Tesalonica,Ubicacion estrategica con servicios de primera,pensioncompleta
Hotel Alborada Senda,5,Malaga,Cerca del centro con todas las comodidades,mediapension
Hotel Senda Luna,2,Birmingham,Un ambiente calido y acogedor para relajarse,mediapension
Hotel Aurora Estrella,5,Cancun,Rodeado de naturaleza con actividades recreativas,soloalojamiento;alojamientoydesayuno
Hotel Bahia Rocio,3,Nueva Delhi,Servicio excepcional en un entorno inigualable,mediapension;todoincluido;alojamientoydesayuno
Hotel Aurora Luna,1,Madrid,Con instalaciones de lujo y atencion personalizada,todoincluido;pensioncompleta;mediapension
Hotel Alborada Tranquilo,4,Ginebra,Perfecto para desconectar en un ambiente exclusivo,soloalojamiento;alojamientoydesayuno;mediapension
Hotel Pradera Alborada,5,Tokio,Un refugio de tranquilidad en el corazon de la ciudad,mediapension
Hotel Montaña Encantado,3,Birmingham,Rodeado de naturaleza con actividades recreativas,soloalojamiento;alojamientoydesayuno;todoincluido
Hotel Vista epico,1,Florencia,Con impresionantes vistas y servicios excepcionales,soloalojamiento;pensioncompleta
Hotel Horizonte Tranquilo,4,Palma de Mallorca,Diseñado para el descanso y la relajacion total,pensioncompleta;todoincluido;soloalojamiento
Hotel Mirador Luna,5,Florencia,Con instalaciones de lujo y atencion personalizada,todoincluido;pensioncompleta
Hotel Cristal epico,4,Galway,Ubicacion estrategica con servicios de primera,pensioncompleta
Hotel Estrella Destino,4,Mumbai,Diseñado para el descanso y la relajacion total,todoincluido;pensioncompleta;soloalojamiento
Hotel Oasis Horizonte,1,Limerick,Perfecto para desconectar en un ambiente exclusivo,mediapension;alojamientoydesayuno;soloalojamiento
Hotel Cumbre Eterna,2,Madrid,Un rincon de paz para desconectar del ajetreo,alojamientoydesayuno
Hotel Aurora Valle,5,Basilea,Comodidad y estilo en cada rincon del hotel,alojamientoydesayuno;todoincluido
Hotel Pradera Pradera,1,Milan,Perfecto para desconectar en un ambiente exclusivo,soloalojamiento
Hotel Cristal Valle,1,Venecia,Con un diseño moderno y atencion de calidad,soloalojamiento;mediapension
Hotel Senda Oasis,3,Toronto,Diseñado para el descanso y la relajacion total,pensioncompleta
Hotel Cristal Valle,3,Galway,Un refugio de tranquilidad en el corazon de la ciudad,todoincluido;soloalojamiento
Hotel epico Estrella,4,Nara,Ubicacion estrategica con servicios de primera,mediapension
Hotel Brisa epico,3,Manchester,Rodeado de naturaleza con actividades recreativas,todoincluido;alojamientoydesayuno;soloalojamiento
Hotel Rocio Paraiso,3,Tokio,Un refugio de tranquilidad en el corazon de la ciudad,mediapension
Hotel Bahia Vista,5,Cori,Ambiente relajado con opciones para todos los gustos,soloalojamiento;alojamientoydesayuno
Hotel Corazon Oasis,4,Sidney,Diseñado para el descanso y la relajacion total,soloalojamiento
Hotel Mirador Brisa,3,Donosti,Ubicacion centrica con todo el confort necesario,pensioncompleta
Hotel Oasis Pradera,2,Estambul,Ambiente relajado con opciones para todos los gustos,alojamientoydesayuno;todoincluido
Hotel Tranquilo Roca,5,Atenas,Diseño contemporaneo y servicios exclusivos,mediapension;soloalojamiento
Hotel Encanto Senda,2,Florencia,Cerca del centro con todas las comodidades,soloalojamiento;todoincluido
Hotel Corazon Sol,4,Melbourne,Diseño contemporaneo y servicios exclusivos,todoincluido;alojamientoydesayuno;mediapension
Hotel Sol Serenidad,2,Florencia,Un refugio de tranquilidad en el corazon de la ciudad,alojamientoydesayuno;mediapension;todoincluido
Hotel Pradera Mirador,3,Bilbao,Lujo y elegancia en una ubicacion privilegiada,todoincluido;pensioncompleta;mediapension
Hotel Serenidad aguila,5,Rio de Janeiro,Un refugio de tranquilidad en el corazon de la ciudad,todoincluido
Hotel Encanto Corazon,1,Zurich,Perfecto para desconectar en un ambiente exclusivo,soloalojamiento;mediapension;pensioncompleta
Hotel Aurora Mirador,4,Gelsenkirchen,Cerca del centro con todas las comodidades,mediapension;pensioncompleta;alojamientoydesayuno
Hotel Sol Oasis,2,Limerick,Diseño contemporaneo y servicios exclusivos,soloalojamiento
Hotel Mar Horizonte,1,Estambul,Ubicacion estrategica con servicios de primera,pensioncompleta;soloalojamiento;mediapension
Hotel Destino Alborada,3,Hamburgo,Lujo y elegancia en una ubicacion privilegiada,soloalojamiento;pensioncompleta;alojamientoydesayuno
Hotel Oasis Senda,1,Berlin,Con instalaciones de lujo y atencion personalizada,todoincluido;soloalojamiento;alojamientoydesayuno
Hotel Laguna Roca,1,Bolonia,Rodeado de naturaleza con actividades recreativas,alojamientoydesayuno
Hotel Horizonte epico,5,Ginebra,Lujo y elegancia en una ubicacion privilegiada,pensioncompleta;todoincluido;mediapension
Hotel Jardin Paraiso,4,Genova,Espacios amplios y comodidad asegurada,mediapension;pensioncompleta;todoincluido
Hotel Cascada Alborada,4,Galway,Diseño contemporaneo y servicios exclusivos,soloalojamiento
Hotel epico Bahia,4,Manchester,Lujo y elegancia en una ubicacion privilegiada,pensioncompleta;soloalojamiento;alojamientoydesayuno
Hotel Senda Roca,2,Florencia,Rodeado de naturaleza con actividades recreativas,todoincluido;pensioncompleta
Hotel Brisa Brisa,2,Maastricht,Un ambiente calido y acogedor para relajarse,soloalojamiento;mediapension;alojamientoydesayuno
Hotel Alborada Montaña,2,Valencia,Perfecto para disfrutar de unas vacaciones inolvidables,todoincluido
Hotel Luna alamo,5,Liverpool,Un ambiente calido y acogedor para relajarse,soloalojamiento
Hotel Faro Bahia,1,Florencia,Ambiente relajado con opciones para todos los gustos,todoincluido
Hotel Montaña Eterna,5,Bolonia,Un rincon de paz para desconectar del ajetreo,todoincluido;soloalojamiento;alojamientoydesayuno
Hotel Horizonte aguila,3,Mumbai,Servicio excepcional en un entorno inigualable,soloalojamiento;alojamientoydesayuno;todoincluido
Hotel Mar epico,5,Mumbai,Ambiente relajado con opciones para todos los gustos,mediapension
Hotel Corazon Serenidad,2,Nueva Delhi,Diseñado para el descanso y la relajacion total,mediapension;pensioncompleta
Hotel epico Montaña,2,Sidney,Servicio excepcional en un entorno inigualable,soloalojamiento;mediapension;todoincluido
Hotel Encantado Jardin,1,Granada,Un refugio de tranquilidad en el corazon de la ciudad,alojamientoydesayuno
Hotel Corazon Valle,2,Venecia,Perfecto para disfrutar de unas vacaciones inolvidables,todoincluido
Hotel Alborada Rio,2,Maastricht,Cerca del centro con todas las comodidades,todoincluido;pensioncompleta
Hotel Vista Mirador,2,Tesalonica,Ubicacion estrategica con servicios de primera,todoincluido
Hotel alamo Horizonte,5,Toronto,Con instalaciones de lujo y atencion personalizada,alojamientoydesayuno
Hotel Rio Pradera,5,Roterdam,Un ambiente calido y acogedor para relajarse,alojamientoydesayuno;todoincluido;pensioncompleta
Hotel Brisa Mar,2,Bolonia,Un rincon de paz para desconectar del ajetreo,alojamientoydesayuno;pensioncompleta;todoincluido
Hotel Serenidad epico,2,Liverpool,Un ambiente calido y acogedor para relajarse,pensioncompleta;alojamientoydesayuno
Hotel Destino Pradera,2,Tokio,Ubicacion estrategica con servicios de primera,alojamientoydesayuno;pensioncompleta;todoincluido
Hotel Paz Espejo,5,Galway,Con instalaciones de lujo y atencion personalizada,todoincluido;mediapension
Hotel Alborada Paraiso,5,Madrid,Espacios amplios y comodidad asegurada,mediapension
Hotel Corazon Paz,2,Nara,Ambiente relajado con opciones para todos los gustos,alojamientoydesayuno;soloalojamiento;mediapension
Hotel Sol Espejo,5,Estambul,Lujo y elegancia en una ubicacion privilegiada,mediapension;pensioncompleta
Hotel Corazon Valle,2,Palma de Mallorca,Diseño contemporaneo y servicios exclusivos,soloalojamiento;alojamientoydesayuno;pensioncompleta
Hotel Tranquilo epico,3,Sidney,Comodidad y estilo en cada rincon del hotel,pensioncompleta;mediapension;soloalojamiento
Hotel Faro Encanto,3,Ginebra,Ideal para familias y viajes de negocios,mediapension
Hotel Paraiso Jardin,5,Londres,Ubicacion estrategica con servicios de primera,soloalojamiento;alojamientoydesayuno
Hotel Paz Cascada,5,Estambul,Perfecto para disfrutar de unas vacaciones inolvidables,pensioncompleta;mediapension
Hotel Cumbre Paz,1,Nueva Delhi,Ideal para familias y viajes de negocios,alojamientoydesayuno
Hotel Bahia aguila,2,Zurich,Con instalaciones de lujo y atencion personalizada,soloalojamiento
Hotel Montaña Estrella,2,Basilea,Diseñado para el descanso y la relajacion total,todoincluido
Hotel Faro Horizonte,3,Frankfurt,Ambiente relajado con opciones para todos los gustos,soloalojamiento;todoincluido
Hotel Brisa Espejo,5,Florencia,Lujo y elegancia en una ubicacion privilegiada,mediapension
Hotel Paraiso Valle,5,Osaka,Un refugio de tranquilidad en el corazon de la ciudad,mediapension
Hotel Corazon Cristal,1,Estambul,Servicio excepcional en un entorno inigualable,todoincluido;mediapension
Hotel Rocio aguila,4,Buenos Aires,Ambiente relajado con opciones para todos los gustos,pensioncompleta;soloalojamiento
Hotel Paraiso Cumbre,1,Roterdam,Ideal para familias y viajes de negocios,soloalojamiento;alojamientoydesayuno
Hotel Paraiso Corazon,4,Munich,Servicio excepcional en un entorno inigualable,pensioncompleta;todoincluido
Hotel Faro Paraiso,4,Tokio,Perfecto para desconectar en un ambiente exclusivo,soloalojamiento;pensioncompleta
Hotel Mar Sol,3,Kioto,Un ambiente calido y acogedor para relajarse,pensioncompleta
Hotel Estrella Corazon,1,Bilbao,Cerca del centro con todas las comodidades,todoincluido;mediapension
Hotel Horizonte aguila,5,Nueva Delhi,Comodidad y estilo en cada rincon del hotel,mediapension;pensioncompleta
Hotel Cristal Pradera,5,Bolonia,Diseñado para el descanso y la relajacion total,mediapension;pensioncompleta
Hotel Horizonte Estrella,5,Cancun,Perfecto para disfrutar de unas vacaciones inolvidables,pensioncompleta;alojamientoydesayuno;soloalojamiento
Hotel Roca Vista,1,Tokio,Un ambiente calido y acogedor para relajarse,mediapension;todoincluido;soloalojamiento
Hotel Mirador alamo,1,Melbourne,Lujo y elegancia en una ubicacion privilegiada,mediapension;soloalojamiento
Hotel Faro Oasis,2,Tokio,Con instalaciones de lujo y atencion personalizada,pensioncompleta;todoincluido;alojamientoydesayuno
Hotel Serenidad Cristal,2,Florencia,Ubicacion estrategica con servicios de primera,todoincluido
Hotel Corazon aguila,4,Florencia,Un rincon de paz para desconectar del ajetreo,soloalojamiento
Hotel Aurora Sol,5,Buenos Aires,Diseño contemporaneo y servicios exclusivos,soloalojamiento;todoincluido;pensioncompleta
Hotel Bahia Serenidad,3,Melbourne,Lujo y elegancia en una ubicacion privilegiada,mediapension;todoincluido
Hotel Aurora Jardin,5,Zurich,Rodeado de naturaleza con actividades recreativas,alojamientoydesayuno;pensioncompleta;mediapension
Hotel Pradera Encanto,1,Kioto,Perfecto para disfrutar de unas vacaciones inolvidables,pensioncompleta;soloalojamiento;mediapension
Hotel aguila Destino,1,Florencia,Ideal para familias y viajes de negocios,mediapension;todoincluido
Hotel Aurora Pradera,2,Basilea,Un rincon de paz para desconectar del ajetreo,soloalojamiento;pensioncompleta;mediapension
Hotel Jardin Vista,4,Donosti,Ambiente relajado con opciones para todos los gustos,todoincluido
Hotel Estrella aguila,4,Hamburgo,Espacios amplios y comodidad asegurada,mediapension;pensioncompleta;alojamientoydesayuno
Hotel Cascada Mirador,5,Nueva Delhi,Diseñado para el descanso y la relajacion total,mediapension;todoincluido
Hotel Paraiso Faro,3,Cancun,Con un diseño moderno y atencion de calidad,alojamientoydesayuno;todoincluido
Hotel Rocio Alborada,3,Granada,Perfecto para disfrutar de unas vacaciones inolvidables,pensioncompleta;alojamientoydesayuno;todoincluido
Hotel Serenidad Aurora,2,Sidney,Servicio excepcional en un entorno inigualable,soloalojamiento;alojamientoydesayuno
Hotel Rocio Cascada,2,Buenos Aires,Perfecto para desconectar en un ambiente exclusivo,mediapension;soloalojamiento;todoincluido
Hotel Roca Encanto,5,amsterdam,Espacios amplios y comodidad asegurada,soloalojamiento;mediapension
Hotel Mirador Montaña,2,Maastricht,Perfecto para desconectar en un ambiente exclusivo,alojamientoydesayuno;soloalojamiento
Hotel Luna Brisa,1,Berlin,Ideal para familias y viajes de negocios,pensioncompleta;soloalojamiento;alojamientoydesayuno
Hotel Cristal Rio,5,Hamburgo,Diseño contemporaneo y servicios exclusivos,soloalojamiento;alojamientoydesayuno;mediapension
Hotel Paz Faro,3,Tokio,Rodeado de naturaleza con actividades recreativas,mediapension;soloalojamiento
Hotel Cristal aguila,5,Cori,Un refugio de tranquilidad en el corazon de la ciudad,soloalojamiento;todoincluido
Hotel Laguna Paraiso,3,Gelsenkirchen,Perfecto para desconectar en un ambiente exclusivo,mediapension;pensioncompleta
Hotel Rio Paraiso,5,Roterdam,Diseño contemporaneo y servicios exclusivos,pensioncompleta;todoincluido
Hotel Aurora alamo,2,Melbourne,Un refugio de tranquilidad en el corazon de la ciudad,alojamientoydesayuno;todoincluido;soloalojamiento
Hotel Cumbre Senda,5,Gelsenkirchen,Perfecto para disfrutar de unas vacaciones inolvidables,soloalojamiento
Hotel Encanto Bahia,2,Kioto,Ambiente relajado con opciones para todos los gustos,soloalojamiento;mediapension;pensioncompleta
Hotel Alborada Paraiso,1,Frankfurt,Con instalaciones de lujo y atencion personalizada,todoincluido;mediapension
Hotel Encanto Cumbre,2,Tesalonica,Un refugio de tranquilidad en el corazon de la ciudad,todoincluido;pensioncompleta
Hotel Sol Mar,1,Granada,Con instalaciones de lujo y atencion personalizada,todoincluido;soloalojamiento;pensioncompleta
Hotel Brisa Mar,3,Genova,Perfecto para disfrutar de unas vacaciones inolvidables,todoincluido;pensioncompleta
Hotel Estrella Jardin,1,Roterdam,Diseñado para el descanso y la relajacion total,pensioncompleta;mediapension
Hotel Mirador Rocio,3,Liverpool,Con instalaciones de lujo y atencion personalizada,alojamientoydesayuno
Hotel Paraiso Faro,2,Munich,Un refugio de tranquilidad en el corazon de la ciudad,alojamientoydesayuno;soloalojamiento
Hotel Jardin Paraiso,2,Roterdam,Ideal para familias y viajes de negocios,soloalojamiento;pensioncompleta
Hotel Mirador Serenidad,4,Donosti,Servicio excepcional en un entorno inigualable,mediapension
Hotel Sol Bahia,1,Barcelona,Ideal para familias y viajes de negocios,alojamientoydesayuno;mediapension
Hotel Horizonte Corazon,1,Napoles,Cerca del centro con todas las comodidades,todoincluido
Hotel Horizonte Valle,3,Venecia,Ubicacion estrategica con servicios de primera,alojamientoydesayuno;todoincluido
Hotel Cumbre Paz,2,Nueva Delhi,Servicio excepcional en un entorno inigualable,todoincluido
Hotel Aurora Paraiso,5,Malaga,Espacios amplios y comodidad asegurada,soloalojamiento
Hotel Laguna Estrella,5,Malaga,Con impresionantes vistas y servicios excepcionales,pensioncompleta;todoincluido;soloalojamiento
Hotel Cristal Eterna,5,Florencia,Un refugio de tranquilidad en el corazon de la ciudad,pensioncompleta;todoincluido;soloalojamiento
Hotel Paraiso Rocio,4,Liverpool,Comodidad y estilo en cada rincon del hotel,pensioncompleta
Hotel epico Cumbre,1,Bilbao,Perfecto para disfrutar de unas vacaciones inolvidables,pensioncompleta;soloalojamiento
Hotel aguila Pradera,3,Ginebra,Ambiente relajado con opciones para todos los gustos,mediapension;todoincluido
Hotel Bahia Vista,2,Kioto,Un ambiente calido y acogedor para relajarse,alojamientoydesayuno;pensioncompleta;soloalojamiento
Hotel Tranquilo alamo,4,Gelsenkirchen,Con instalaciones de lujo y atencion personalizada,mediapension
Hotel Horizonte Vista,4,Roterdam,Espacios amplios y comodidad asegurada,soloalojamiento;pensioncompleta;todoincluido
Hotel Cristal Oasis,1,Tokio,Perfecto para desconectar en un ambiente exclusivo,pensioncompleta;mediapension
Hotel Valle Cascada,4,Toronto,Perfecto para desconectar en un ambiente exclusivo,soloalojamiento
Hotel Vista Paz,4,Venecia,Un ambiente calido y acogedor para relajarse,soloalojamiento
Hotel Estrella Serenidad,2,Madrid,Rodeado de naturaleza con actividades recreativas,pensioncompleta;alojamientoydesayuno
Hotel Valle aguila,2,Berlin,Ambiente relajado con opciones para todos los gustos,todoincluido
Hotel Corazon Aurora,3,Basilea,Perfecto para disfrutar de unas vacaciones inolvidables,soloalojamiento
Hotel Eterna Cascada,1,Ginebra,Rodeado de naturaleza con actividades recreativas,soloalojamiento
Hotel Serenidad Encanto,5,Valencia,Rodeado de naturaleza con actividades recreativas,mediapension;todoincluido;soloalojamiento
Hotel Rio Cristal,5,Granada,Un refugio de tranquilidad en el corazon de la ciudad,pensioncompleta;todoincluido
Hotel Faro Paz,2,Toronto,Servicio excepcional en un entorno inigualable,pensioncompleta
Hotel Laguna Senda,3,Florencia,Con un diseño moderno y atencion de calidad,pensioncompleta
Hotel aguila Valle,5,Galway,Con impresionantes vistas y servicios excepcionales,todoincluido;alojamientoydesayuno;mediapension
Hotel Tranquilo alamo,2,Bilbao,Con instalaciones de lujo y atencion personalizada,pensioncompleta;alojamientoydesayuno;todoincluido
Hotel Horizonte Senda,5,Estambul,Un refugio de tranquilidad en el corazon de la ciudad,alojamientoydesayuno
Hotel Eterna Roca,5,Estambul,Ubicacion estrategica con servicios de primera,todoincluido;soloalojamiento
Hotel Laguna Sol,2,Tesalonica,Con impresionantes vistas y servicios excepcionales,todoincluido;pensioncompleta;soloalojamiento
Hotel Vista Estrella,2,Bolonia,Perfecto para desconectar en un ambiente exclusivo,soloalojamiento;mediapension;pensioncompleta
Hotel Cumbre Laguna,5,Bolonia,Ambiente relajado con opciones para todos los gustos,todoincluido;mediapension
Hotel Estrella Aurora,1,Manchester,Con un diseño moderno y atencion de calidad,todoincluido;mediapension;soloalojamiento
Hotel Sol Oasis,1,Sevilla,Perfecto para disfrutar de unas vacaciones inolvidables,todoincluido;alojamientoydesayuno;mediapension
Hotel Aurora Jardin,3,Napoles,Con impresionantes vistas y servicios excepcionales,todoincluido;alojamientoydesayuno
Hotel Jardin alamo,3,Sevilla,Ubicacion estrategica con servicios de primera,alojamientoydesayuno
Hotel Oasis Vista,4,Munich,Ubicacion centrica con todo el confort necesario,mediapension
Hotel aguila Estrella,5,Tokio,Un rincon de paz para desconectar del ajetreo,todoincluido;alojamientoydesayuno
Hotel Paraiso Tranquilo,4,Galway,Comodidad y estilo en cada rincon del hotel,todoincluido
Hotel alamo Mirador,4,Hamburgo,Ideal para familias y viajes de negocios,pensioncompleta;alojamientoydesayuno;soloalojamiento
Hotel Destino Cascada,5,Sidney,Diseño contemporaneo y servicios exclusivos,soloalojamiento;todoincluido
Hotel Destino Luna,5,Granada,Ubicacion centrica con todo el confort necesario,soloalojamiento;todoincluido
Hotel Cumbre epico,5,Rio de Janeiro,Rodeado de naturaleza con actividades recreativas,mediapension;pensioncompleta
Hotel Serenidad Paz,5,Cancun,Servicio excepcional en un entorno inigualable,pensioncompleta
Hotel Paraiso Jardin,3,Bilbao,Diseño contemporaneo y servicios exclusivos,soloalojamiento;alojamientoydesayuno;pensioncompleta
Hotel Laguna aguila,3,Maastricht,Diseñado para el descanso y la relajacion total,todoincluido;mediapension;soloalojamiento
Hotel Mar Roca,1,Cancun,Lujo y elegancia en una ubicacion privilegiada,alojamientoydesayuno;pensioncompleta
Hotel Pradera Tranquilo,3,Valencia,Un refugio de tranquilidad en el corazon de la ciudad,soloalojamiento;todoincluido
Hotel alamo aguila,1,Frankfurt,Con instalaciones de lujo y atencion personalizada,mediapension;pensioncompleta;soloalojamiento
Hotel Encantado Rio,2,Zurich,Un rincon de paz para desconectar del ajetreo,soloalojamiento;pensioncompleta
Hotel Valle Valle,5,Melbourne,Rodeado de naturaleza con actividades recreativas,alojamientoydesayuno;soloalojamiento;mediapension
Hotel epico Destino,4,Berlin,Diseñado para el descanso y la relajacion total,soloalojamiento;mediapension;pensioncompleta
Hotel epico alamo,2,Limerick,Un refugio de tranquilidad en el corazon de la ciudad,pensioncompleta
Hotel Rocio Tranquilo,5,Valencia,Lujo y elegancia en una ubicacion privilegiada,soloalojamiento;mediapension
Hotel Mar Rocio,2,Limerick,Diseño contemporaneo y servicios exclusivos,todoincluido
Hotel Jardin Oasis,4,Atenas,Cerca del centro con todas las comodidades,alojamientoydesayuno;mediapension
Hotel Tranquilo Luna,1,Londres,Ambiente relajado con opciones para todos los gustos,pensioncompleta;mediapension
Hotel Destino Luna,4,Galway,Ubicacion estrategica con servicios de primera,soloalojamiento;todoincluido
Hotel Horizonte Brisa,5,Melbourne,Diseño contemporaneo y servicios exclusivos,pensioncompleta;soloalojamiento
Hotel Montaña Encanto,4,Tokio,Servicio excepcional en un entorno inigualable,todoincluido;pensioncompleta;mediapension
Hotel Estrella Faro,4,Berlin,Diseñado para el descanso y la relajacion total,todoincluido;pensioncompleta
Hotel Cascada Laguna,3,amsterdam,Diseñado para el descanso y la relajacion total,todoincluido;soloalojamiento;alojamientoydesayuno
Hotel Tranquilo Sol,5,Valencia,Diseño contemporaneo y servicios exclusivos,todoincluido;mediapension
Hotel epico Montaña,1,Birmingham,Con instalaciones de lujo y atencion personalizada,alojamientoydesayuno
Hotel Destino Alborada,1,Bilbao,Con impresionantes vistas y servicios excepcionales,todoincluido;mediapension;pensioncompleta
Hotel Cumbre Destino,4,Buenos Aires,Rodeado de naturaleza con actividades recreativas,alojamientoydesayuno
Hotel Sol Eterna,3,Valencia,Un rincon de paz para desconectar del ajetreo,pensioncompleta;soloalojamiento;todoincluido
Hotel alamo Corazon,5,Mumbai,Un refugio de tranquilidad en el corazon de la ciudad,soloalojamiento;alojamientoydesayuno
Hotel epico Montaña,5,Kioto,Diseño contemporaneo y servicios exclusivos,mediapension
Hotel Estrella Cascada,1,Manchester,Ideal para familias y viajes de negocios,mediapension
Hotel Montaña Tranquilo,4,Basilea,Con instalaciones de lujo y atencion personalizada,alojamientoydesayuno;todoincluido;mediapension
Hotel alamo Jardin,2,Valencia,Rodeado de naturaleza con actividades recreativas,pensioncompleta;soloalojamiento;todoincluido
Hotel Alborada Rio,5,Malaga,Perfecto para disfrutar de unas vacaciones inolvidables,soloalojamiento;alojamientoydesayuno;todoincluido
Hotel Rio Brisa,3,Malaga,Cerca del centro con todas las comodidades,pensioncompleta
Hotel Luna Estrella,4,Munich,Ubicacion centrica con todo el confort necesario,mediapension;alojamientoydesayuno
Hotel Aurora Brisa,5,Bolonia,Cerca del centro con todas las comodidades,todoincluido
Hotel Corazon Montaña,1,Cori,Servicio excepcional en un entorno inigualable,alojamientoydesayuno
Hotel Senda Alborada,5,Barcelona,Ideal para familias y viajes de negocios,pensioncompleta;mediapension
Hotel Rocio Cumbre,3,Sevilla,Ubicacion estrategica con servicios de primera,soloalojamiento;todoincluido;pensioncompleta
Hotel Estrella Mirador,5,Granada,Cerca del centro con todas las comodidades,mediapension;soloalojamiento;alojamientoydesayuno
Hotel Corazon Pradera,5,Basilea,Un rincon de paz para desconectar del ajetreo,alojamientoydesayuno
Hotel Luna Jardin,5,Gelsenkirchen,Ubicacion centrica con todo el confort necesario,mediapension;soloalojamiento
Hotel Senda alamo,2,Palma de Mallorca,Ubicacion estrategica con servicios de primera,alojamientoydesayuno;pensioncompleta
Hotel Roca Bahia,1,Berlin,Servicio excepcional en un entorno inigualable,soloalojamiento
Hotel Espejo Brisa,2,Basilea,Comodidad y estilo en cada rincon del hotel,soloalojamiento;mediapension;pensioncompleta
Hotel Cascada Espejo,3,Estambul,Ubicacion centrica con todo el confort necesario,mediapension;soloalojamiento
Hotel Aurora Eterna,5,Gelsenkirchen,Con un diseño moderno y atencion de calidad,todoincluido
Hotel Encanto Mirador,4,Nueva Delhi,Ubicacion centrica con todo el confort necesario,todoincluido;alojamientoydesayuno;mediapension
Hotel Pradera Espejo,4,Tokio,Diseño contemporaneo y servicios exclusivos,mediapension;pensioncompleta
Hotel Bahia Encanto,5,Hamburgo,Con un diseño moderno y atencion de calidad,alojamientoydesayuno;soloalojamiento
Hotel Corazon Jardin,5,Melbourne,Con instalaciones de lujo y atencion personalizada,mediapension
Hotel Encanto Mar,3,Liverpool,Cerca del centro con todas las comodidades,pensioncompleta
Hotel Rio Tranquilo,4,Maastricht,Con impresionantes vistas y servicios excepcionales,todoincluido
Hotel Cumbre Destino,5,Creta,Comodidad y estilo en cada rincon del hotel,mediapension;soloalojamiento;todoincluido
Hotel Rio Rio,2,Osaka,Diseñado para el descanso y la relajacion total,todoincluido;pensioncompleta;alojamientoydesayuno
Hotel Valle Brisa,4,Tesalonica,Diseño contemporaneo y servicios exclusivos,soloalojamiento;alojamientoydesayuno
Hotel Vista Jardin,2,Maastricht,Un ambiente calido y acogedor para relajarse,mediapension;pensioncompleta
Hotel Pradera Senda,3,Bolonia,Con impresionantes vistas y servicios excepcionales,soloalojamiento;todoincluido
Hotel Laguna Valle,4,Madrid,Con un diseño moderno y atencion de calidad,pensioncompleta;soloalojamiento;alojamientoydesayuno
Hotel Encantado aguila,2,Limerick,Con instalaciones de lujo y atencion personalizada,mediapension;todoincluido;pensioncompleta
Hotel Cumbre Serenidad,5,Venecia,Con instalaciones de lujo y atencion personalizada,mediapension;alojamientoydesayuno
Hotel Laguna Luna,2,Galway,Servicio excepcional en un entorno inigualable,soloalojamiento
Hotel Destino Brisa,5,Malaga,Ubicacion estrategica con servicios de primera,mediapension;pensioncompleta;todoincluido
Hotel Rocio Cristal,4,Napoles,Un rincon de paz para desconectar del ajetreo,pensioncompleta
Hotel Eterna Montaña,3,Buenos Aires,Ambiente relajado con opciones para todos los gustos,soloalojamiento;pensioncompleta;mediapension
Hotel Montaña Oasis,4,Venecia,Espacios amplios y comodidad asegurada,pensioncompleta;todoincluido
Hotel Laguna Mirador,4,Mumbai,Comodidad y estilo en cada rincon del hotel,soloalojamiento;pensioncompleta
Hotel Mar Oasis,1,Galway,Espacios amplios y comodidad asegurada,pensioncompleta;mediapension
Hotel Vista Jardin,3,Malaga,Ubicacion centrica con todo el confort necesario,soloalojamiento
Hotel Cumbre Encanto,1,Barcelona,Diseñado para el descanso y la relajacion total,mediapension;soloalojamiento
Hotel Destino Montaña,1,Maastricht,Cerca del centro con todas las comodidades,soloalojamiento;pensioncompleta;mediapension
Hotel Mirador Faro,5,Limerick,Ambiente relajado con opciones para todos los gustos,todoincluido;soloalojamiento
Hotel Ocean Breeze,4,Biarritz,Ubicado frente a la playa con vistas impresionantes,mediapension;todoincluido
Hotel Basque Charm,3,Biarritz,Perfecto para descubrir la cultura local,soloalojamiento;mediapension
Hotel Atlantic View,5,Biarritz,Lujo frente al mar con servicios exclusivos,todoincluido;pensioncompleta
Hotel Belle Rive,2,Biarritz,Acogedor y economico cerca del centro,soloalojamiento
Hotel Cote Lumiere,4,Biarritz,Moderno diseño y comodidades premium,mediapension;alojamientoydesayuno
Hotel Flandre Chic,4,Lille,Elegante y centrico con encanto historico,todoincluido;mediapension
Hotel Jardin Vert,3,Lille,Un refugio tranquilo en la ciudad,soloalojamiento;mediapension
Hotel Grand Palais,5,Lille,Lujo con servicios personalizados,pensioncompleta;todoincluido
Hotel Lumieres Nord,2,Lille,Sencillo y economico con buena ubicacion,soloalojamiento
Hotel Vieille Ville,4,Lille,Perfecto para explorar el casco antiguo,alojamientoydesayuno;mediapension
Hotel Rhone Elegance,5,Lyon,Lujo y exclusividad en el corazon de la ciudad,todoincluido;pensioncompleta
Hotel Croix-Rousse,3,Lyon,Comodo y funcional en un barrio pintoresco,soloalojamiento;mediapension
Hotel Lumiere Noire,4,Lyon,Ambiente moderno con excelentes vistas,alojamientoydesayuno;mediapension
Hotel Parc Central,2,Lyon,Economico y acogedor cerca de atracciones,soloalojamiento
Hotel Rhone Riviera,4,Lyon,Ideal para familias y viajeros de negocios,mediapension;todoincluido
Hotel Mediterranee Luxe,5,Marsella,Servicios de alta calidad frente al mar,todoincluido;pensioncompleta
Hotel Port Vieux,3,Marsella,Acceso rapido al puerto y zonas de ocio,soloalojamiento;mediapension
Hotel Bleu Ciel,4,Marsella,Instalaciones modernas con vistas al Mediterraneo,mediapension;alojamientoydesayuno
Hotel Provence Soleil,2,Marsella,Economico y practico cerca de la estacion,soloalojamiento
Hotel Cote d'Or,4,Marsella,Comodidad y estilo en el centro historico,mediapension;todoincluido
Hotel Bayonne Classique,4,Bayona,Estilo tradicional con detalles modernos,mediapension;alojamientoydesayuno
Hotel Riviere Basque,3,Bayona,Comodo y centrico para explorar la region,soloalojamiento;mediapension
Hotel Pyrenees Horizon,5,Bayona,Lujo y tranquilidad con vistas montañosas,todoincluido;pensioncompleta
Hotel Petite Maison,2,Bayona,Acogedor y economico con atencion calida,soloalojamiento
Hotel Cote Atlantique,4,Bayona,Conexion perfecta entre naturaleza y ciudad,mediapension;todoincluido
Hotel Golden Gate Luxe,5,San Francisco,Experiencia premium en el corazon de la ciudad,todoincluido;pensioncompleta
Hotel Bayview Charm,3,San Francisco,Vistas espectaculares con servicios basicos,mediapension;soloalojamiento
Hotel Downtown Bliss,4,San Francisco,Estilo moderno y excelente ubicacion,alojamientoydesayuno;mediapension
Hotel Pacific Serenity,2,San Francisco,Economico y comodo para mochileros,soloalojamiento
Hotel Silicon Dream,4,San Francisco,Perfecto para negocios y placer,mediapension;todoincluido
Hotel Cote d'Azur Luxe,5,Niza,Lujo y confort frente al mar,todoincluido;pensioncompleta
Hotel Riviera Chic,3,Niza,Ubicado cerca de la playa y el casco antiguo,soloalojamiento;mediapension
Hotel Promenade Bleu,4,Niza,Ambiente moderno y relajante,mediapension;alojamientoydesayuno
Hotel Soleil Provensal,2,Niza,Economico y familiar con buena ubicacion,soloalojamiento
Hotel Azure Horizon,4,Niza,Comodidades premium con vistas al mar,mediapension;todoincluido
Hotel Capitol Luxe,5,Washington DC,Lujo y exclusividad cerca del Capitolio,todoincluido;pensioncompleta
Hotel Monument View,3,Washington DC,Confortable y accesible para turismo,soloalojamiento;mediapension
Hotel District Elegance,4,Washington DC,Ubicacion centrica y diseño moderno,mediapension;alojamientoydesayuno
Hotel Lincoln Stay,2,Washington DC,Economico y funcional para viajeros practicos,soloalojamiento
Hotel White House Luxe,4,Washington DC,Perfecto para estancias de lujo y negocios,mediapension;todoincluido